{"cameraMode":{"drawMode":0,"name":"Shaded","section":"Shading Mode"},"sceneLighting":true,"audioPlay":false,"sceneViewState":{"m_AlwaysRefresh":false,"showFog":true,"showSkybox":true,"showFlares":true,"showImageEffects":true,"showParticleSystems":true,"showVisualEffectGraphs":true,"m_FxEnabled":true},"in2DMode":false,"pivot":{"x":0.05031929910182953,"y":1.2390990257263184,"z":-0.03736865520477295},"rotation":{"x":0.010113381780683995,"y":0.12382220476865769,"z":0.0012535755522549153,"w":-0.9922002553939819},"size":0.2853551208972931,"orthographic":false}